{
    "part": {
        "relations": {
            "precision": 0.4960998439937597,
            "recall": 0.5353535353535354,
            "f1": 0.5149797570850203
        },
        "attributes": {
            "precision": 0.3204633204633205,
            "recall": 0.3472803347280335,
            "f1": 0.3333333333333333
        }
    },
    "overall": {
        "overall": {
            "precision": 0.44555555555555554,
            "recall": 0.48139255702280914,
            "f1": 0.46278130409694174
        }
    }
}