{
    "part": {
        "relations": {
            "precision": 0.588021778584392,
            "recall": 0.5454545454545454,
            "f1": 0.5659388646288209
        },
        "attributes": {
            "precision": 0.35148514851485146,
            "recall": 0.29831932773109243,
            "f1": 0.32272727272727275
        }
    },
    "overall": {
        "overall": {
            "precision": 0.5245683930942895,
            "recall": 0.47475961538461536,
            "f1": 0.4984227129337539
        }
    }
}