{
    "part": {
        "relations": {
            "precision": 0.6792114695340502,
            "recall": 0.6672535211267606,
            "f1": 0.6731793960923624
        },
        "attributes": {
            "precision": 0.4186046511627907,
            "recall": 0.3076923076923077,
            "f1": 0.35467980295566504
        }
    },
    "overall": {
        "overall": {
            "precision": 0.6178082191780822,
            "recall": 0.5623441396508728,
            "f1": 0.5887728459530025
        }
    }
}