{
    "part": {
        "relations": {
            "precision": 0.6408566721581549,
            "recall": 0.681260945709282,
            "f1": 0.6604414261460103
        },
        "attributes": {
            "precision": 0.3090128755364807,
            "recall": 0.2975206611570248,
            "f1": 0.3031578947368421
        }
    },
    "overall": {
        "overall": {
            "precision": 0.5488095238095239,
            "recall": 0.5670356703567035,
            "f1": 0.5577737447065941
        }
    }
}