{
    "part": {
        "relations": {
            "precision": 0.047619047619047616,
            "recall": 0.050788091068301226,
            "f1": 0.049152542372881344
        },
        "attributes": {
            "precision": 0.012658227848101266,
            "recall": 0.012396694214876033,
            "f1": 0.012526096033402923
        }
    },
    "overall": {
        "overall": {
            "precision": 0.037825059101654845,
            "recall": 0.03936039360393604,
            "f1": 0.03857745629897529
        }
    }
}