{
    "part": {
        "relations": {
            "precision": 0.6086956521739131,
            "recall": 0.5892255892255892,
            "f1": 0.5988023952095809
        },
        "attributes": {
            "precision": 0.4244604316546763,
            "recall": 0.24686192468619247,
            "f1": 0.31216931216931215
        }
    },
    "overall": {
        "overall": {
            "precision": 0.572829131652661,
            "recall": 0.4909963985594238,
            "f1": 0.528765352294764
        }
    }
}