{
    "part": {
        "relations": {
            "precision": 0.4919499105545617,
            "recall": 0.46296296296296297,
            "f1": 0.4770164787510841
        },
        "attributes": {
            "precision": 0.42134831460674155,
            "recall": 0.3138075313807531,
            "f1": 0.3597122302158273
        }
    },
    "overall": {
        "overall": {
            "precision": 0.47489823609226595,
            "recall": 0.42016806722689076,
            "f1": 0.445859872611465
        }
    }
}