{
    "part": {
        "relations": {
            "precision": 0.575503355704698,
            "recall": 0.5774410774410774,
            "f1": 0.5764705882352941
        },
        "attributes": {
            "precision": 0.3505747126436782,
            "recall": 0.25523012552301255,
            "f1": 0.29539951573849876
        }
    },
    "overall": {
        "overall": {
            "precision": 0.5246753246753246,
            "recall": 0.4849939975990396,
            "f1": 0.5040548970679976
        }
    }
}