{
    "part": {
        "relations": {
            "precision": 0.6654205607476635,
            "recall": 0.5993265993265994,
            "f1": 0.6306465899025686
        },
        "attributes": {
            "precision": 0.48344370860927155,
            "recall": 0.3054393305439331,
            "f1": 0.3743589743589743
        }
    },
    "overall": {
        "overall": {
            "precision": 0.6253644314868805,
            "recall": 0.5150060024009604,
            "f1": 0.5648452929558921
        }
    }
}